tweet_created_at,tweet_id,tweet_user_id,tweet_textMon Jan 11 23:57:11 +0000 2016,686698399924666368,141222392,RT @SenadoFederal: Congresso analisou 52 vetos presidenciais em 2015 https://t.co/Eb6ibUn8b4 https://t.co/pDXtiXOrEf
Mon Jan 11 23:56:37 +0000 2016,686698257679040512,3420526660,"RT @mmatias_: ""Marcelo √† esquerda da direita? S√≥ se for marxista grouchista""https://t.co/etufDFB04z #presidenciais2016 #marisa2016 #votomar‚Ä¶"
Mon Jan 11 23:54:57 +0000 2016,686697840198967300,458878625,"Jer√≥nimo de Sousa : ""Bom tempo vir√° com a nossa luta"" ¬† https://t.co/d5yU89LR1t"
Mon Jan 11 23:51:42 +0000 2016,686697020250304513,458878625,Jer√≥nimo (PCP) insta flagelados pela pol√≠tica PSD/CDS a n√£o votar Marcelo https://t.co/G9mIwlQTAP via @sharethis
Mon Jan 11 23:44:22 +0000 2016,686695176199352320,2816638404,"RT @mmatias_: ""Marcelo √† esquerda da direita? S√≥ se for marxista grouchista""https://t.co/etufDFB04z #presidenciais2016 #marisa2016 #votomar‚Ä¶"
Mon Jan 11 23:39:30 +0000 2016,686693951391293446,948552829,"""Marcelo √† esquerda da direita? S√≥ se for marxista grouchista""https://t.co/etufDFB04z #presidenciais2016 #marisa2016 #votomarisa"
Mon Jan 11 23:32:28 +0000 2016,686692181436985344,2336060466,"@ManuelCamposNEW @sorryiamlucas Pena Coura n ser antes das presidenciais, ainda √≠amos beber shots c o Marcelo l√°. Ou uma bifana c o Tino."
Mon Jan 11 23:32:04 +0000 2016,686692079326638080,3106120701,Presidenciais: Se n√£o houvesse o 25 de Abril faria o servi√ßo militar obrigat√≥rio -- Marcelo  https://t.co/sZiwDq42ZT
Mon Jan 11 23:26:57 +0000 2016,686690790228279296,757307498,@Woahduuude Muito triste ver o estado da popula√ß√£o portuguesa t√£o perto das presidenciais
Mon Jan 11 23:23:27 +0000 2016,686689911571877888,18966867,Presidenciais: equ√≠vocos e perplexidades https://t.co/dSh3v6qgNN
Mon Jan 11 23:22:55 +0000 2016,686689776917942280,52568644,Presidenciais 2016 Paulo Morais entrevistado https://t.co/8WmcIwIPA6 #presidenciais2016
Mon Jan 11 23:22:23 +0000 2016,686689642503090177,2646856033,@DoralvinoSenta @diogomainardi Alckmin se aproximando do MST visando elei√ß√µes presidenciais em 2018 (deixei o link ok)
Mon Jan 11 23:14:14 +0000 2016,686687590049837056,24762397,RT @SolOnline: Presidenciais lan√ßam guerra civil no PS https://t.co/ndSbAt0y9b https://t.co/XMGPCyrrA2
Mon Jan 11 23:11:08 +0000 2016,686686813298147329,1000140799,"Presidenciais: N√≥voa √© o √∫nico capaz de derrotar Marcelo, diz Ant√≥nio Arnaut https://t.co/KWTdpWwExj"
Mon Jan 11 23:09:29 +0000 2016,686686394920599552,19889294,Presidenciais lan√ßam guerra civil no PS https://t.co/ndSbAt0y9b https://t.co/XMGPCyrrA2
Mon Jan 11 23:00:42 +0000 2016,686684187575717888,1000140799,Presidenciais lan√ßam guerra civil no PS https://t.co/aGu7uzQKvd
Mon Jan 11 23:00:37 +0000 2016,686684166155452417,52053647,#sol Presidenciais lan√ßam guerra civil no PS https://t.co/yP2ouxyty7
Mon Jan 11 22:58:00 +0000 2016,686683505040977920,2259475315,RT @Niltoncomedy: Devia haver um pr√©mio para o portugu√™s que soubesse o nome de todos os candidatos √†s presidenciais.
Mon Jan 11 22:56:36 +0000 2016,686683153356881920,485975606,"[RTP Noticias] Marcelo promete ""o poss√≠vel e o imposs√≠vel"" para viabilizar or√ßamento do Estado para 2016 https://t.co/B6jCgp4o6O"
Mon Jan 11 22:56:33 +0000 2016,686683139712794628,121176422,"Marcelo promete ""o poss√≠vel e o imposs√≠vel"" para viabilizar or√ßamento do Estado para 2016:   A caminho das ele... https://t.co/i7l7v0gMv6"
Mon Jan 11 22:55:26 +0000 2016,686682861609431040,485975606,"[TVI24] Causas sociais dominam segunda etapa sem ""aventuras"" de Bel√©m https://t.co/kbkcRX3Y0F"
Mon Jan 11 22:55:23 +0000 2016,686682847491391488,64412029,"TVI24 - √öltimas : Causas sociais dominam segunda etapa sem ""aventuras"" de Bel√©m:  Candidata presi... https://t.co/XD5wHayA93 #espa√±a"
Mon Jan 11 22:55:15 +0000 2016,686682815006638080,498086098,"Causas sociais dominam segunda etapa sem ""aventuras"" de Bel√©m #campanhatvi24 https://t.co/Mwvl2liTsm via tvi24ultimas"
Mon Jan 11 22:53:27 +0000 2016,686682362097332225,454395581,"Causas sociais dominam segunda etapa sem ""aventuras"" de Bel√©m #campanhatvi24 https://t.co/kFbqldXxDc via @tvi24ultimas"
Mon Jan 11 22:52:34 +0000 2016,686682140663230464,2646856033,@limarogerio2008 @diogomainardi Geraldo Alckmin se aproximando do MST visando elei√ß√µes presidenciais em 2018
Mon Jan 11 22:49:31 +0000 2016,686681371276869633,20041085,Com esta comandita de candidatos presidenciais n√£o sei se n√£o ir votar √© absten√ß√£o ou bom senso.
Mon Jan 11 22:45:06 +0000 2016,686680258792275968,3089305179,Feira do Fumeiro (4 a 7 de fev) com Marcelo Rebelo de Sousa antes da 2.¬™ volta das elei√ß√µes #presidenciais2016 https://t.co/A7JHneWpUf
Mon Jan 11 22:44:23 +0000 2016,686680080198664193,39723601,"Senhores do Fraque¬Æ Presidenciais: Marisa acusa Marcelo de dizer o ""que for preciso para ganhar votos"":  https://t.co/TrxwD5TF5Y"
Mon Jan 11 22:40:01 +0000 2016,686678982356549632,19283444,"#presidenciais2016 n√£o entrem em p√¢nico, ele est√° a chegar... https://t.co/qyHaI0bZlR"
Mon Jan 11 22:39:35 +0000 2016,686678872029462528,1000140799,"Causas sociais dominam corrida sem ""aventuras"" de Maria de Bel√©m https://t.co/XGqgY3T65c"
Mon Jan 11 22:36:51 +0000 2016,686678182188064768,571828299,RT @SenadoFederal: Congresso analisou 52 vetos presidenciais em 2015 https://t.co/Eb6ibUn8b4 https://t.co/pDXtiXOrEf
Mon Jan 11 22:34:39 +0000 2016,686677629823500288,787950086,RT @inconseguir: Um cata-vento na tempestade #presidenciais2016  https://t.co/rcQ5mhq2wu
Mon Jan 11 22:30:26 +0000 2016,686676568995934208,1957554378,RT @inconseguir: Um cata-vento na tempestade #presidenciais2016  https://t.co/rcQ5mhq2wu
Mon Jan 11 22:30:01 +0000 2016,686676465316921344,993696774,RT @Lusa_noticias: Presidenciais: Marisa acusa Marcelo de dizer o ‚Äúque for preciso para ganhar votos‚Äù
Mon Jan 11 22:29:40 +0000 2016,686676374464131072,17637572,Vai marcar novas elei√ß√µes assim q Rui Rio entrar na lideran√ßa e n√£o tarda nada. Vai ser logo depois ds presidenciais https://t.co/0kabrRy0O2
Mon Jan 11 22:28:29 +0000 2016,686676078161690624,94081671,Presidenciais: Marisa acusa Marcelo de dizer o ‚Äúque for preciso para ganhar votos‚Äù
Mon Jan 11 22:28:10 +0000 2016,686675999531085824,20781852,Presidenciais: Marisa acusa Marcelo de dizer o &amp;#34;que for preciso para ganhar votos&amp;#34; https://t.co/mmSNcGNUoe
Mon Jan 11 22:27:16 +0000 2016,686675769909723136,3010384528,RT @observadorpt: Elei√ß√µes presidenciais em 8 takes https://t.co/YnEtpiOjpU
Mon Jan 11 22:25:36 +0000 2016,686675351871832065,52568644,"Paulo Morais entala Marisa Matias e Bloco de Esquerda em debate da TVI24, 02012016 #presidenciais2016 https://t.co/KSLSZdTtF9"
Mon Jan 11 22:22:35 +0000 2016,686674593092861953,1690412382,Elei√ß√µes presidenciais em 8 takes https://t.co/YnEtpiOjpU
Mon Jan 11 22:21:00 +0000 2016,686674194881462272,167399649,RT @inconseguir: Um cata-vento na tempestade #presidenciais2016  https://t.co/rcQ5mhq2wu
Mon Jan 11 22:20:46 +0000 2016,686674134093410304,2646856033,"@VEJA @reinaldoazevedo @silvionavarro Reinaldo Alcimin esta ""namorando"" MST visando elei√ß√µes presidenciais 2018 (Folha)"
Mon Jan 11 22:19:24 +0000 2016,686673791892733953,436172910,"RT @mmatias_: ""O teu pa√≠s est√° nas tuas m√£os"" (Entroncamento) #presidenciais2016 #votomarisa"
Mon Jan 11 22:18:33 +0000 2016,686673577085661184,21495291,RT @inconseguir: Um cata-vento na tempestade #presidenciais2016  https://t.co/rcQ5mhq2wu
Mon Jan 11 22:17:31 +0000 2016,686673319962218497,3367992705,"RT @Lusa_noticias: Presidenciais: N√≥voa √© o √∫nico capaz de derrotar Marcelo, diz Ant√≥nio Arnaut"
Mon Jan 11 22:14:48 +0000 2016,686672635250475008,18604681,RT @inconseguir: Um cata-vento na tempestade #presidenciais2016  https://t.co/rcQ5mhq2wu
Mon Jan 11 22:13:16 +0000 2016,686672249118670848,94081671,"Presidenciais: N√≥voa √© o √∫nico capaz de derrotar Marcelo, diz Ant√≥nio Arnaut"
Mon Jan 11 22:10:54 +0000 2016,686671653523353603,301027170,".@mmatias_  Se eu puder,votava Marisa mas para votar tenho d ir ao Consulado em BCN e √© car√≠ssimo #ConsuladoEmValenciaJa  #presidenciais2016"
Mon Jan 11 22:10:20 +0000 2016,686671510786949121,20781852,"Presidenciais: N√≥voa √© o √∫nico capaz de derrotar Marcelo, diz Ant√≥nio Arnaut https://t.co/Xq8V6NPzw8"
Mon Jan 11 22:09:20 +0000 2016,686671258583355392,1000140799,"Presidenciais: Farei ""o poss√≠vel e o imposs√≠vel"" para que Or√ßamento seja viabilizado ? Marcelo https://t.co/RFDXchEvwR"
Mon Jan 11 22:09:20 +0000 2016,686671256947568640,1000140799,Presidenciais: N√≥voa diz-se ?servidor p√∫blico? sempre presente nos combates c√≠vicos https://t.co/CHSeu6eMNt
Mon Jan 11 22:08:13 +0000 2016,686670976961089540,224225848,Participe na sondagem do blogue DO TEMPO DA OUTRA SENHORA relativa √†s PRESIDENCIAIS 2016. https://t.co/nfVGxGjLha
Mon Jan 11 22:02:09 +0000 2016,686669453023678464,19472578,"RT @mmatias_: Contra o ""fim de linha"" do sector ferrovi√°rio"" https://t.co/d5cPXU27mM #presidenciais2016 #marisa2016 #votomarisa"
Mon Jan 11 22:02:07 +0000 2016,686669440679829505,387328449,"RT @mmatias_: ""O teu pa√≠s est√° nas tuas m√£os"" (Entroncamento) #presidenciais2016 #votomarisa"
Mon Jan 11 22:00:35 +0000 2016,686669056791937024,3040424454,Um cata-vento na tempestade #presidenciais2016  https://t.co/rcQ5mhq2wu
Mon Jan 11 22:00:15 +0000 2016,686668973736378368,20896966,Sampaio da N√≥voa vai a feira de Espinho e deixa rasto de simpatia - Elei√ß√µes Presidenciais 2016... https://t.co/bRRWBgxSnt
Mon Jan 11 22:00:14 +0000 2016,686668970146029568,948552829,"""O teu pa√≠s est√° nas tuas m√£os"" (Entroncamento) #presidenciais2016 #votomarisa"
Mon Jan 11 21:59:09 +0000 2016,686668697558200320,387328449,"RT @mmatias_: ""No dia 24Jan vamos decidir se ganha a dignidade ou se voltamos atr√°s"" (Entroncamento) #presidenciais2016 #votomarisa"
Mon Jan 11 21:58:01 +0000 2016,686668412291014657,948552829,"""No dia 24Jan vamos decidir se ganha a dignidade ou se voltamos atr√°s"" (Entroncamento) #presidenciais2016 #votomarisa"
Mon Jan 11 21:56:00 +0000 2016,686667901504499713,627434312,Tenho a certeza que o Marcelo n√£o ganha as presidenciais
Mon Jan 11 21:54:38 +0000 2016,686667559249248256,177918639,Se n√£o ganhar as presidenciais pode integrar o trio d'ataque. Nenhum deles faz isto.  https://t.co/BMTMxSgqnZ
Mon Jan 11 21:50:46 +0000 2016,686666586967699456,39349216,"RT @mmatias_: ""A Marisa apresenta-se com escolhas claras e n√≥s sabemos que as vai cumprir"" Carlos Matias (Entroncamento) #presidenciais2016‚Ä¶"
Mon Jan 11 21:49:36 +0000 2016,686666291105652736,52568644,#presidenciais2016 Paulo Morais precisa do apoio de todos para acabarmos com a corrup√ß√£o. N√£o Votem no sistema .... https://t.co/8FnOoqIQV6
Mon Jan 11 21:49:05 +0000 2016,686666163871428608,73992917,Macrosc√≥pio ‚Äì A mais estranha das campanhas Presidenciais - https://t.co/I1C0llAXNq
Mon Jan 11 21:46:28 +0000 2016,686665502819758082,2203928065,RT @cmjornal: Presidenciais: Se n√£o houvesse o 25 de Abril faria o servi√ßo militar obrigat√≥rio -- Marcelo  https://t.co/vNWEC9ecpG
Mon Jan 11 21:46:19 +0000 2016,686665465469530112,52568644,#presidenciais2016 Paulo Morais √© a Mudan√ßa que o Pa√≠s precisa... Combater a mentira na politica e os corruptos ... https://t.co/5unAvfl1ik
Mon Jan 11 21:46:10 +0000 2016,686665429876604931,2203928065,"RT @cmjornal: Presidenciais: Candidata lan√ßa lema de campanha ""votem bem, votem Maria de Bel√©m""  https://t.co/BVe7gwNtVc"
Mon Jan 11 21:45:43 +0000 2016,686665314373910528,3375604709,"RT @mmatias_: ""Sabemos q a Marisa tem lutado sempre por n√≥s √© a nossa vez de lutar por ela"" Fab√≠ola Cardoso (Entroncamento) #presidenciais2‚Ä¶"
Mon Jan 11 21:42:59 +0000 2016,686664629318217728,387328449,"RT @mmatias_: ""Todos e todas seremos porta-vozes desta campanha para fortalecer esta onda de esperan√ßa"" Helena Pinto #presidenciais2016 #vo‚Ä¶"
Mon Jan 11 21:41:58 +0000 2016,686664370529644544,948552829,"""A Marisa apresenta-se com escolhas claras e n√≥s sabemos que as vai cumprir"" Carlos Matias (Entroncamento) #presidenciais2016 #votomarisa"
Mon Jan 11 21:38:48 +0000 2016,686663576854085632,948552829,"""Todos e todas seremos porta-vozes desta campanha para fortalecer esta onda de esperan√ßa"" Helena Pinto #presidenciais2016 #votomarisa"
Mon Jan 11 21:38:40 +0000 2016,686663540032286720,717075716,RT @psocialista: Comiss√£o Nacional ‚Äì Presidenciais s√£o cruciais para futuro de Portugal  https://t.co/gld2gI0FLl https://t.co/ed2b80WIoZ
Mon Jan 11 21:38:30 +0000 2016,686663499452395521,94081671,Presidenciais: N√≥voa diz-se ‚Äúservidor p√∫blico‚Äù sempre presente nos combates c√≠vicos
Mon Jan 11 21:36:51 +0000 2016,686663084061102082,52568644,@mmatias_ PAULO MORAIS teve uma posi√ß√£o clara. MM sabe isso muito bem.... espero q n√£o esteja como o marcelo. Esquecida  #presidenciais2016
Mon Jan 11 21:36:43 +0000 2016,686663048841572352,20781852,Presidenciais: N√≥voa diz-se &amp;#34;servidor p√∫blico&amp;#34; sempre presente nos combates c√≠vicos https://t.co/6VxDv2GE3s
Mon Jan 11 21:33:29 +0000 2016,686662236358705152,52568644,#presidenciais2016 O q √© que a comiss√£o nacional de elei√ß√µes est√° √† espera para agir? Continua a vergonhosa discrimina√ß√£o entre candidatos
Mon Jan 11 21:32:52 +0000 2016,686662083128225792,948552829,"""Mais algum candidato/a teve uma posi√ß√£o clara sobre o or√ß rectificativo? S√≥ MM"" Helena Pinto (Entroncamento) #presidenciais2016 #votomarisa"
Mon Jan 11 21:32:05 +0000 2016,686661882778787840,70349639,Comiss√£o Nacional ‚Äì Presidenciais s√£o cruciais para futuro de Portugal  https://t.co/gld2gI0FLl https://t.co/ed2b80WIoZ
Mon Jan 11 21:30:17 +0000 2016,686661429907165184,40095953,Congresso analisou 52 vetos presidenciais em 2015 https://t.co/Eb6ibUn8b4 https://t.co/pDXtiXOrEf
Mon Jan 11 21:29:52 +0000 2016,686661328405147654,52568644,#presidenciais2016  @rtppt @SIConline @SICNoticias @tvi  A cobertura jornalitisca continua a violar a lei... https://t.co/3Yo2HtGBCq
Mon Jan 11 21:29:40 +0000 2016,686661275061977088,948552829,"""Defender o nosso povo: √© a primeira raz√£o pela qual apoio a Marisa Matias"" Helena Pinto (Entroncamento) #presidenciais2016 #votomarisa"
Mon Jan 11 21:29:03 +0000 2016,686661122448093184,70650509,RT @Lusa_noticias: Presidenciais: A bifana de Vendas Novas no regresso de Maria de Bel√©m a Lisboa
Mon Jan 11 21:25:29 +0000 2016,686660222253842432,3320129693,#GoogleNewsPortugal Presidenciais: Marcelo prefere n√£o assumir compromisso de fazer s√≥ um mandato - Di√°rio Digital https://t.co/BC1LcDxBOz
Mon Jan 11 21:25:27 +0000 2016,686660216352460802,3314379070,#GoogleNewsPortugal Presidenciais: Marcelo prefere n√£o assumir compromisso de fazer s√≥ um mandato - Di√°rio Digital https://t.co/QcYOnZ6EF5
Mon Jan 11 21:22:40 +0000 2016,686659516327411712,4516093829,Sampaio da N√≥voa vai a feira de Espinho e deixa rasto de simpatia - Elei√ß√µes Presidenciais 2016... https://t.co/7CNfY0ekVk
Mon Jan 11 21:19:49 +0000 2016,686658797209817088,948552829,"""Sabemos q a Marisa tem lutado sempre por n√≥s √© a nossa vez de lutar por ela"" Fab√≠ola Cardoso (Entroncamento) #presidenciais2016 #votomarisa"
Mon Jan 11 21:19:30 +0000 2016,686658719392862208,256124405,Caso Banif domina segundo dia de campanha eleitoral https://t.co/EJUqlf7CpE https://t.co/TiEctoV5L2
Mon Jan 11 21:19:08 +0000 2016,686658625973170176,2203928065,RT @sapo: Queres fazer uma escolha pelos teus ideais? Vota nas presidenciais #lemasdecampanha #sapoavotos
Mon Jan 11 21:16:42 +0000 2016,686658012132544516,94081671,"Presidenciais: Farei ""o poss√≠vel e o imposs√≠vel"" para que Or√ßamento seja viabilizado ‚Äì Marcelo"
Mon Jan 11 21:15:27 +0000 2016,686657697714991104,20781852,Presidenciais: Farei &amp;#34;o poss√≠vel e o imposs√≠vel&amp;#34; para que Or√ßamento seja viabilizado -- Marcelo https://t.co/g1qjkWTEsS
Mon Jan 11 21:13:48 +0000 2016,686657283309228032,103795266,RT @mmatias_: A entrevista ao Observador https://t.co/ZzfWcr6eJZ #presidenciais2016 #marisa2016 #votomarisa
Mon Jan 11 21:12:58 +0000 2016,686657073082318849,103795266,"RT @mmatias_: ""Marisa √© a catalisadora da mudan√ßa nestas elei√ß√µes"" Marco Gera√ß√£o (Entroncamento) #presidenciais2016 #marisa2016 #votomarisa"
Mon Jan 11 21:10:48 +0000 2016,686656529261572096,171995902,Congresso analisou 52 vetos presidenciais em 2015 https://t.co/n89iCrjOBK
Mon Jan 11 21:10:40 +0000 2016,686656494520131584,794895318,"RT @padaoesilva: Considerando a import√¢ncia das aut√°rquicas de S√£o Jo√£o da Madeira nestas presidenciais, os debates entre candidatos tb dev‚Ä¶"
Mon Jan 11 21:10:38 +0000 2016,686656488065118208,145365849,Congresso analisou 52 vetos presidenciais em 2015 https://t.co/JkYWsx8GWz
Mon Jan 11 21:10:34 +0000 2016,686656470239195136,1284199033,Congresso analisou 52 vetos presidenciais em 2015 https://t.co/XgeUcJVvWG
Mon Jan 11 21:10:34 +0000 2016,686656468607614976,171995902,Congresso analisou 52 vetos presidenciais em 2015 https://t.co/Ad9ovayytD
Mon Jan 11 21:10:27 +0000 2016,686656441709654021,948552829,"""Marisa √© a catalisadora da mudan√ßa nestas elei√ß√µes"" Marco Gera√ß√£o (Entroncamento) #presidenciais2016 #marisa2016 #votomarisa"
Mon Jan 11 21:10:06 +0000 2016,686656350491930626,447397227,"Edgar Silva pede votos madeirenses ""nem que chovam canivetes"" https://t.co/g4fMTn2Qac"
Mon Jan 11 21:08:15 +0000 2016,686655886643822592,2499178254,estou t√£o fora das presidenciais; n√£o gosto de nenhum candidato e para mim o cargo de presidente da rep√∫blica era abolido so
Mon Jan 11 21:04:20 +0000 2016,686654901041152000,2262886120,"O Messi ganhou a bola d'ouro, s√≥ j√° falta a Maria De Bel√©m ganhar as presidenciais e atiro me da ponte!!! üòÇ"
Mon Jan 11 21:00:40 +0000 2016,686653980064268289,132683543,Em quem vais votar nas elei√ß√µes presidenciais de 24 de Janeiro? Escolhe o teu preferido aqui: https://t.co/CRi0joxNv0
Mon Jan 11 20:56:02 +0000 2016,686652812109942784,4516093829,Presid√™nciais2016 - Caiu um mito: N√≥voa p√¥s um p√© na porta para a segunda volta - Portugal - DN https://t.co/gosY4u8svS
Mon Jan 11 20:49:44 +0000 2016,686651228214968320,21481134,"Quem se abstiver na primeira volta das Presidenciais, pode votar se houver segunda volta?"
Mon Jan 11 20:49:35 +0000 2016,686651187974770688,2753025841,"RT @pmrgouveia: Dia 24, Vota #Jonasüî´ #presidenciais2016"
Mon Jan 11 20:45:30 +0000 2016,686650161490169856,39349216,√© de Marisa q o pa√≠s precisa  #LemasDeCampanha #presidenciais2016
Mon Jan 11 20:44:16 +0000 2016,686649849295540229,1217810478,Se n√£o tivesse m√£o direita era canhoto! #presidenciais2016 #Marcelo
Mon Jan 11 20:43:38 +0000 2016,686649693590392837,3346559302,N√£o tenho tado mt atento mas √© a impressao minha ou todos querem apenas que o marcelo perca ? Que presidenciais ridiculas
Mon Jan 11 20:40:36 +0000 2016,686648927081336832,31519331,RT @Niltoncomedy: Devia haver um pr√©mio para o portugu√™s que soubesse o nome de todos os candidatos √†s presidenciais.
Mon Jan 11 20:37:35 +0000 2016,686648168470163460,94081671,Presidenciais: A bifana de Vendas Novas no regresso de Maria de Bel√©m a Lisboa
Mon Jan 11 20:36:58 +0000 2016,686648015101140993,1000140799,Presidenciais: Marcelo prefere n√£o assumir compromisso de fazer s√≥ um mandato https://t.co/r0au022cHc
Mon Jan 11 20:35:27 +0000 2016,686647631540518913,125759810,"Voc√™ est√° confiante em rela√ß√£o √†s elei√ß√µes presidenciais onde enfrentar√° o @pefabiodemelo, @realwbonner?"
Mon Jan 11 20:34:39 +0000 2016,686647432445296640,4129891816,"RT @pfl1976: No dia 24 de Janeiro, vai √° adega e prova o vinho...n√£o rima, mas vai na mesma. #LemasDeCampanha #presidenciais2016"
Mon Jan 11 20:32:59 +0000 2016,686647012729729024,23837271,"@100segredos Ganha-se no√ß√£o do qu√£o rid√≠culas est√£o as elei√ß√µes presidenciais, basicamente."
Mon Jan 11 20:30:48 +0000 2016,686646462214701058,51566870,"No dia 24 de Janeiro, vai √° adega e prova o vinho...n√£o rima, mas vai na mesma. #LemasDeCampanha #presidenciais2016"
Mon Jan 11 20:29:47 +0000 2016,686646205120671745,2320647202,"RT @mmatias_: Contra o ""fim de linha"" do sector ferrovi√°rio"" https://t.co/d5cPXU27mM #presidenciais2016 #marisa2016 #votomarisa"
Mon Jan 11 20:29:37 +0000 2016,686646165362864128,22473054,"Se n√£o queres mandar tudo para o teto, vota Henrique Neto. #LemasDeCampanha #presidenciais2016"
Mon Jan 11 20:28:26 +0000 2016,686645867219136514,2880039423,Crush das presidenciais: √âdgar silva
Mon Jan 11 20:26:35 +0000 2016,686645401676546048,794275165,ahahahahha estes slogans das presidenciais
Mon Jan 11 20:26:31 +0000 2016,686645382156283904,22473054,Vai haver um Tinosonami. Valha-me Santa Elei√ß√£o. #presidenciais2016
Mon Jan 11 20:23:40 +0000 2016,686644668449337344,118772931,RT @eduardoamorimse: A aprecia√ß√£o dos vetos presidenciais foi uma vit√≥ria da democracia e da popula√ß√£o.
Mon Jan 11 20:20:02 +0000 2016,686643753579360257,3049563957,Seria interessante que uma mulher ganhasse as presidenciais
Mon Jan 11 20:18:35 +0000 2016,686643386921684992,20113223,"RT @mmatias_: Contra o ""fim de linha"" do sector ferrovi√°rio"" https://t.co/d5cPXU27mM #presidenciais2016 #marisa2016 #votomarisa"
Mon Jan 11 20:17:39 +0000 2016,686643151856111617,3077480181,O melhor destas campanhas presidenciais nas feiras..a l√≠ngua solta da malta
Mon Jan 11 20:17:25 +0000 2016,686643093223784448,375611909,Paulo Morais est√° zangado e por isso quer ser Presidente - Elei√ß√µes Presidenciais 2016 - RTP... https://t.co/k63jpqzxzM
Mon Jan 11 20:16:15 +0000 2016,686642799933034497,492288571,"Os tesourinhos deprimentes desta campanha (qual campanha?). H√°, muitos e bons. Leia os que Miguel Pinheiro... https://t.co/ffy4LwMq3v"
Mon Jan 11 20:07:08 +0000 2016,686640504239448065,94081671,Presidenciais: Marcelo prefere n√£o assumir compromisso de fazer s√≥ um mandato
Mon Jan 11 20:06:36 +0000 2016,686640370516639744,20781852,Presidenciais: Marcelo prefere n√£o assumir compromisso de fazer s√≥ um mandato https://t.co/QZbQ5igVQl
Mon Jan 11 20:04:22 +0000 2016,686639811881492481,439208639,EU APOIO ESTE CANDIDATO PORQUE... A maior bandeira deste candidato √© a luta contra a corrup√ß√£o. https://t.co/07OoG0abTl
Mon Jan 11 20:02:55 +0000 2016,686639444493996032,439208639,Paulo Morais est√° zangado e por isso quer ser Presidente https://t.co/CcFB2QCGv6 via @sharethis
Mon Jan 11 20:02:20 +0000 2016,686639299509530624,948552829,"Contra o ""fim de linha"" do sector ferrovi√°rio"" https://t.co/d5cPXU27mM #presidenciais2016 #marisa2016 #votomarisa"
Mon Jan 11 20:01:58 +0000 2016,686639205397696512,2411130622,@shakur_scp sinceramente odeio-me por estar a zeros relativamente √†s presidenciais e n poder dar uma opini√£o... Mas mt bem ahah
Mon Jan 11 20:00:19 +0000 2016,686638791436664835,4086265204,RT @PatentChirp: Lesmas de campanha presidenciais 2016
Mon Jan 11 19:55:05 +0000 2016,686637474345541632,1600745196,RT @Niltoncomedy: Devia haver um pr√©mio para o portugu√™s que soubesse o nome de todos os candidatos √†s presidenciais.
Mon Jan 11 19:54:08 +0000 2016,686637233735135234,38838996,Oliveira de Azem√©is com Sampaio da N√≥voa.  #SNAP2016 #Presidenciais2016 https://t.co/EtRLcVMOqw
Mon Jan 11 19:49:01 +0000 2016,686635947828613120,16485885,"RT @CristianaGVCF: Nas ultimas 12h, @tvi24pt tem 32 tweets sobre Marcelo, 13 sobre @belemganhar2016, 23 sobre @snap2016PR e 0 dos restantes‚Ä¶"
Mon Jan 11 19:48:38 +0000 2016,686635850285879296,1062558625,"RT @CristianaGVCF: Nas ultimas 12h, @tvi24pt tem 32 tweets sobre Marcelo, 13 sobre @belemganhar2016, 23 sobre @snap2016PR e 0 dos restantes‚Ä¶"
Mon Jan 11 19:47:09 +0000 2016,686635476242010112,23316750,"RT @CristianaGVCF: Nas ultimas 12h, @tvi24pt tem 32 tweets sobre Marcelo, 13 sobre @belemganhar2016, 23 sobre @snap2016PR e 0 dos restantes‚Ä¶"
Mon Jan 11 19:45:24 +0000 2016,686635038331375616,485975606,[RTP Noticias] Paulo Morais quer combater a corrup√ß√£o https://t.co/YVanN4G2Yi
Mon Jan 11 19:45:21 +0000 2016,686635026323083264,121176422,Paulo Morais quer combater a corrup√ß√£o:   O candidato presidencial Paulo Morais voltou a apontar a corrup√ß√£o c... https://t.co/nKHfvZWZ2n
Mon Jan 11 19:44:52 +0000 2016,686634901676752896,375611909,Paulo Morais est√° zangado e por isso quer ser Presidente - Elei√ß√µes Presidenciais 2016 - RTP... https://t.co/3d0cXD3TSy
Mon Jan 11 19:42:12 +0000 2016,686634230907023360,2900613652,"Depois claro que ningu√©m leva a politica a serio em portugal, quem √© que cagou estes candidatos √†s presidenciais?!"
Mon Jan 11 19:38:42 +0000 2016,686633349029445632,3785280496,@tvi24pt @belemganhar2016 @snap2016PR isto a juntar ao uso de #Marcelo e nada de # para outros candidatos #presidenciais2016 #campanhatvi24
Mon Jan 11 19:37:35 +0000 2016,686633071454629889,3355587790,RT @PGorjao: Falta pouco para poder vestir orgulhosamente uma t-shirt em que diz que sobrevivi aos debates e √† campanha presidenciais.
Mon Jan 11 19:36:07 +0000 2016,686632701294718976,3785280496,"Nas ultimas 12h, @tvi24pt tem 32 tweets sobre Marcelo, 13 sobre @belemganhar2016, 23 sobre @snap2016PR e 0 dos restantes #presidenciais2016"
Mon Jan 11 19:33:21 +0000 2016,686632005887463424,256124405,Vitorino Silva compara estado do mar ao dos portugueses https://t.co/ZeLi3QQBDD https://t.co/43Bsxw5RDK
Mon Jan 11 19:28:09 +0000 2016,686630696081829888,3355587790,Macrosc√≥pio ‚Äì A mais estranha das campanhas Presidenciais - https://t.co/aQUziTYcbu
Mon Jan 11 19:20:51 +0000 2016,686628860528586752,948552829,"""MRS est√° a preparar-se para transformar uma derrota numa vit√≥ria"" https://t.co/MxY4lf2yNp #presidenciais2016 #marisa2016 #votomarisa"
Mon Jan 11 19:16:20 +0000 2016,686627721338843136,21394023,Presidenciais deveriam ser como a cerim√≥nia da Bola de Ouro.
Mon Jan 11 19:15:43 +0000 2016,686627568565497856,180201591,"Devem cometer todos os tipos de atrocidades pra se manterem no poder, assim como fizeram nas elei√ß√µes presidenciais. https://t.co/32UDhuymbu"
Mon Jan 11 19:14:58 +0000 2016,686627378769047552,2847178349,O anuncio das presidenciais parece q tou a ver televendas... Aparece aqui com cada um..
Mon Jan 11 19:13:27 +0000 2016,686626996059828224,2504570929,J√° viram o tempo de antena das presidenciais!? Nao!? Sintam-se felizes.
Mon Jan 11 19:12:37 +0000 2016,686626786579451904,94081671,Presidenciais: Marisa Matias contra ‚Äúfim de linha‚Äù do setor ferrovi√°rio
Mon Jan 11 19:11:28 +0000 2016,686626496606253056,1853854051,acreditem ou n√£o estou super indeciso em quem votas nas presidenciais
Mon Jan 11 19:09:53 +0000 2016,686626099829313536,1947169982,O Dino j√° vota para as presidenciais e eu estive a fazer um discurso com as raz√µes pelas quais deve votar no Tino üòÇüòÇ
Mon Jan 11 19:07:32 +0000 2016,686625508348571648,561268321,Outra coisa que me vai enervar √© se a Maria de Bel√©m n√£o ganhar as presidenciais
Mon Jan 11 19:06:32 +0000 2016,686625255826309120,1507047846,RT @LucianoAlvarez: A ver o tempo de antena das presidenciais. Devo ser um bocado maluco
Mon Jan 11 19:05:40 +0000 2016,686625038175440896,2323072975,Como levar a s√©rio estas presidenciais quando temos certos #temposdeantena? S√£o muito maus!
Mon Jan 11 19:05:16 +0000 2016,686624938195836928,2754991639,acabei de me aperceber que n√£o vou estar em portugal no dia das presidenciais ent√£o n√£o vou poder votar. i'm so sad
Mon Jan 11 19:05:13 +0000 2016,686624925625483264,1140718946,RT @Niltoncomedy: Devia haver um pr√©mio para o portugu√™s que soubesse o nome de todos os candidatos √†s presidenciais.
Mon Jan 11 19:04:14 +0000 2016,686624676102148096,289030505,"RT @amilcarprata: Tava tudo a ver a gala da FIFA, agora quero ver tudo a ver os tempos de antena para as presidenciais"
Mon Jan 11 19:04:02 +0000 2016,686624625070051328,21492030,A ver o tempo de antena das presidenciais. Devo ser um bocado maluco
Mon Jan 11 19:01:07 +0000 2016,686623892295827456,428324580,"Tava tudo a ver a gala da FIFA, agora quero ver tudo a ver os tempos de antena para as presidenciais"
Mon Jan 11 18:59:48 +0000 2016,686623559213518850,3083793295,RT @mmatias_: Hoje no Museu Nacional Ferrovi√°rio #presidenciais2016 #marisa2016 #votomarisa https://t.co/SvOBWMYmHI
Mon Jan 11 18:59:22 +0000 2016,686623450321043456,71530380,"RT @jorgesequeirapr: Give me FIVE! Votem no 5¬∫ nome, votem Jorge Sequeira! #PORTUGALSOMOSNOS #JORGESEQUEIRAPRESIDENTE #PRESIDENCIAIS2016 ht‚Ä¶"
Mon Jan 11 18:53:08 +0000 2016,686621884402786305,2447738125,RT @mmatias_: Hoje no Museu Nacional Ferrovi√°rio #presidenciais2016 #marisa2016 #votomarisa https://t.co/SvOBWMYmHI
Mon Jan 11 18:53:06 +0000 2016,686621875984838656,66220255,22 mil cargos comissionados. Chantagens presidenciais para evitar o impeachment. E a imprensa acha tudo normal.  https://t.co/WfYognWnvZ
Mon Jan 11 18:52:31 +0000 2016,686621728039108608,34010016,RT @observadorpt A s√©rio?: https://t.co/OefEw2Oy5U Maria Joao Avillez denuncia o facciosismo das #presidenciais2016
Mon Jan 11 18:49:43 +0000 2016,686621024507555840,2609504832,RT @mmatias_: Hoje no Museu Nacional Ferrovi√°rio #presidenciais2016 #marisa2016 #votomarisa https://t.co/SvOBWMYmHI
Mon Jan 11 18:47:47 +0000 2016,686620535770484736,948552829,Hoje no Museu Nacional Ferrovi√°rio #presidenciais2016 #marisa2016 #votomarisa https://t.co/SvOBWMYmHI
Mon Jan 11 18:43:49 +0000 2016,686619540818624512,2172871278,@Vega9000 @Joaogalamba  Com corruptos rapinais Mais f√°cil √© a bancarrota Com broncos presidenciais Mau economista √© ru√≠na &gt;&gt;&gt;
Mon Jan 11 18:39:54 +0000 2016,686618552225402882,94081671,Presidenciais: Maria de Bel√©m destaca trabalho no apoio a v√≠timas de viol√™ncia
Mon Jan 11 18:39:13 +0000 2016,686618380376371200,4757833756,RT @Niltoncomedy: Devia haver um pr√©mio para o portugu√™s que soubesse o nome de todos os candidatos √†s presidenciais.
Mon Jan 11 18:33:43 +0000 2016,686616999212875776,1000140799,Presidenciais: Marcelo baixou fasquia e prepara-se para fazer de uma derrota uma vit√≥ria https://t.co/vTmVMcASsu
Mon Jan 11 18:33:42 +0000 2016,686616991021404162,1000140799,"Presidenciais: Paulo de Morais apelida Portugal de ""verdadeiro eucaliptal"" https://t.co/4qE5dZH45U"
Mon Jan 11 18:26:49 +0000 2016,686615258908258304,94081671,Presidenciais: Marcelo baixou fasquia e prepara-se para fazer de uma derrota uma vit√≥ria
Mon Jan 11 18:25:36 +0000 2016,686614955009904641,70650509,RT @Lusa_noticias: Presidenciais: Marcelo Rebelo de Sousa preocupado com or√ßamentos das universidades
Mon Jan 11 18:23:56 +0000 2016,686614533390102533,2518569732,Congresso analisou 52 vetos presidenciais em 2015 https://t.co/XixAWXYhPV https://t.co/vqjXVkDFkN
Mon Jan 11 18:23:13 +0000 2016,686614353118932992,124139163,"Presidenciais: Candidata lan√ßa lema de campanha ""votem bem, votem Maria de Bel√©m""  https://t.co/BVe7gwNtVc"
Mon Jan 11 18:22:58 +0000 2016,686614290120478720,1238897528,RT @Lusa_noticias: Presidenciais: Marcelo baixou fasquia e se prepara para fazer de uma derrota uma vit√≥ria - Marisa
Mon Jan 11 18:22:32 +0000 2016,686614181727080449,94081671,Presidenciais: Marcelo baixou fasquia e se prepara para fazer de uma derrota uma vit√≥ria - Marisa
Mon Jan 11 18:16:39 +0000 2016,686612701951488000,17173144,RT @JuntosComMaria: Em campanha #Belem2016 #Presidenciais2016 #Beja https://t.co/eKKkKuw4v5
Mon Jan 11 18:16:17 +0000 2016,686612610314321920,339551124,Congresso analisou 52 vetos presidenciais em 2015 https://t.co/wO8fficdD8
Mon Jan 11 18:14:37 +0000 2016,686612189873070081,4762601475,Em campanha #Belem2016 #Presidenciais2016 #Beja https://t.co/eKKkKuw4v5
Mon Jan 11 18:14:28 +0000 2016,686612154527662081,3102292899,Em #Coimbra para participar num debate organizado pelo Polit√©cnico de Coimbra #henriqueneto #presidenciais2016 https://t.co/1f6xKlnlEQ
Mon Jan 11 18:10:11 +0000 2016,686611075069034497,1690412382,"Podcast presidenciais. Notas aos candidatos, ap√≥s os debates https://t.co/OdDIURpuLx https://t.co/TNLc4BW9Mk"
Mon Jan 11 18:07:18 +0000 2016,686610350016466944,3102292899,Assista agora ao segundo espa√ßo de Tempo de Antena da candidatura de Henrique Neto. #henriqueneto #presidenciais2016 https://t.co/yaHcKLBKqN
Mon Jan 11 18:01:05 +0000 2016,686608785859866626,20896966,"Presidenciais 2016 - Sampaio da N√≥voa? ""Claro que sei quem √©. √â neste que eu vou deitar"" -... https://t.co/QECcnvMOhN"
Mon Jan 11 18:00:48 +0000 2016,686608715311628288,94081671,"Presidenciais: Paulo de Morais apelida Portugal de ""verdadeiro eucaliptal"""
Mon Jan 11 17:58:00 +0000 2016,686608006897922049,165010801,Presidenciais num pa√≠s desmobilizado. Tend√™ncias dominantes: oportunismo; ambiguidade: cinismo: https://t.co/xNW8Bjatzw via @observadorpt
Mon Jan 11 17:57:01 +0000 2016,686607759274565632,1690412382,Presidenciais 2016. Sondagens d√£o prefer√™ncia a Marcelo e pouco mais https://t.co/k5w4WkWeyr Acompanhe tamb√©m em @ObsEleicoes
Mon Jan 11 17:56:00 +0000 2016,686607506420793344,56936477,Congresso analisou 52 vetos presidenciais em 2015: O Congresso Nacional apreciou no ano passado 52 vetos presi... https://t.co/vX0AJfSXkV
Mon Jan 11 17:50:02 +0000 2016,686606004142882816,256124405,Presidenciais: Equipas no terreno para verificar gastos na campanha https://t.co/s1EQgG5wIS https://t.co/CiC5HT5Ycb
Mon Jan 11 17:47:32 +0000 2016,686605375777443840,1704550302,#senado                       Congresso analisou 52 vetos presidenciais e‚Ä¶ https://t.co/ZGTxan2GPY
Mon Jan 11 17:43:43 +0000 2016,686604415164399616,1630642188,"@rpOliveira A Messi das presidenciais Portuguesas,√© mais baixa que eles os dois!"
Mon Jan 11 17:42:45 +0000 2016,686604170653241345,1583903970,j√° algum candidato a #presidenciais2016 veio dizer que era f√£ do David Bowie?
Mon Jan 11 17:38:57 +0000 2016,686603215379558400,94081671,Presidenciais: Marcelo Rebelo de Sousa preocupado com or√ßamentos das universidades
Mon Jan 11 17:38:02 +0000 2016,686602982058803200,2724757950,Templo de Antena - O arranque https://t.co/Iw0VUgQ0K9
Mon Jan 11 17:36:13 +0000 2016,686602527643725825,712373784,Presidenciais 2016 -Aten√ß√£o Sui√ßa:2 Sec√ß√µes de voto-Genebra e Sion-2 dias de vota√ß√£o - 23 e 24.01.2016- 08H00/19H00 https://t.co/W3INRDU3nn
Mon Jan 11 17:33:12 +0000 2016,686601769678450689,124139163,Presidenciais: Se n√£o houvesse o 25 de Abril faria o servi√ßo militar obrigat√≥rio -- Marcelo  https://t.co/vNWEC9ecpG
Mon Jan 11 17:30:12 +0000 2016,686601014401724417,19526463,Presidenciais s√£o cruciais para futuro de Portugal https://t.co/SokZdXrx2Q
Mon Jan 11 17:29:33 +0000 2016,686600849028689923,51679632,"Agora que a campanha come√ßou, digamos, oficialmente, pareceu-me apropriado recordar o filme ""Dune"".#Presidenciais https://t.co/mOxxgWIlGr"
Mon Jan 11 17:26:44 +0000 2016,686600141227307009,119959446,#Presidenciais2016  Marcelo n√£o fez servi√ßo militar porque seu pai era ministro do ultramar https://t.co/VVgn3Yfqwo
Mon Jan 11 17:25:59 +0000 2016,686599952001282048,16193162,Eurodeputado nega palavras que lhe foram atribu√≠das por Marcelo https://t.co/ZnPJPbL1T1 via @sharethis
Mon Jan 11 17:25:29 +0000 2016,686599823974338560,3089305179,Marcelo foi tirar medidas para o fato da tomada de posse #presidenciais2016 https://t.co/K2kpX4S48W
Mon Jan 11 17:18:04 +0000 2016,686597960096976896,3089305179,"Olha, que faz ali o Marcelo na selfie? #presidenciais2016 #FIFABallonDor https://t.co/grF7dcSFgX"
Mon Jan 11 17:15:56 +0000 2016,686597424148836353,1548048553,"Saber onde votar nas presidenciais, em Fran√ßa, √© s√≥ para super-motivados. Por ex., recenseados em Nantes v√£o ter de ir votar a Tours."
Mon Jan 11 17:12:55 +0000 2016,686596661997535232,103950668,Sampaio da N√≥voa vai a feira de Espinho e deixa rasto de simpatia - Elei√ß√µes Presidenciais 2016... https://t.co/bggTM8aIel
Mon Jan 11 17:11:26 +0000 2016,686596291770617856,513708554,Falta pouco para poder vestir orgulhosamente uma t-shirt em que diz que sobrevivi aos debates e √† campanha presidenciais.
Mon Jan 11 17:11:09 +0000 2016,686596218873577473,4516093829,"Para a comunidade surda que n√£o teve oportunidade de ver em direto, partilhamos o debate entre dois dos... https://t.co/zrK4ZM9HSN"
Mon Jan 11 17:08:39 +0000 2016,686595591414091776,114871891,"RT @joseluisfreita2: ""Lisboa √© uma lavandaria de dinheiro de Angola e Brasil"", diz Paulo Morais https://t.co/CgL3XmeVc1 via @sharethis"
Mon Jan 11 17:08:38 +0000 2016,686595585361719296,3449557767,"RT @jorgesequeirapr: Give me FIVE! Votem no 5¬∫ nome, votem Jorge Sequeira! #PORTUGALSOMOSNOS #JORGESEQUEIRAPRESIDENTE #PRESIDENCIAIS2016 ht‚Ä¶"
Mon Jan 11 17:08:07 +0000 2016,686595456374292480,3375539026,"Give me FIVE! Votem no 5¬∫ nome, votem Jorge Sequeira! #PORTUGALSOMOSNOS #JORGESEQUEIRAPRESIDENTE #PRESIDENCIAIS2016 https://t.co/pkHlgh2INd"
Mon Jan 11 17:08:02 +0000 2016,686595433326579712,400731546,Eu quando sonhei que bolsolixo ganhou a elei√ß√µes presidenciais. https://t.co/nZWgRNiV4P
Mon Jan 11 17:06:23 +0000 2016,686595019306889216,94081671,Presidenciais: Debate entre Marcelo e Maria de Bel√©m na RTP1 foi o mais visto
Mon Jan 11 17:06:07 +0000 2016,686594950939582467,62793130,Elei√ß√µes presidenciais 2016: as declara√ß√µes de rendimentos dos candidatos https://t.co/VVHOkkrQsk
Mon Jan 11 17:04:35 +0000 2016,686594566569496576,37229237,"RT @joseluisfreita2: ""Lisboa √© uma lavandaria de dinheiro de Angola e Brasil"", diz Paulo Morais https://t.co/CgL3XmeVc1 via @sharethis"
Mon Jan 11 17:03:57 +0000 2016,686594405021650944,343768373,"RT @joseluisfreita2: ""Lisboa √© uma lavandaria de dinheiro de Angola e Brasil"", diz Paulo Morais https://t.co/CgL3XmeVc1 via @sharethis"
Mon Jan 11 17:03:38 +0000 2016,686594327997448194,460326819,"""Lisboa √© uma lavandaria de dinheiro de Angola e Brasil"", diz Paulo Morais https://t.co/CgL3XmeVc1 via @sharethis"
Mon Jan 11 17:03:01 +0000 2016,686594170950184960,22761616,"Nem Rep√∫blica sabes escrever, burro do carvalho. ""@jorgesequeirapr #presidenciais2016 https://t.co/VPtlznH52t"""
Mon Jan 11 16:59:30 +0000 2016,686593286727929856,605933238,Presidenciais: Candidatos off line https://t.co/1ZVOCN8lGC via @visao
Mon Jan 11 16:57:14 +0000 2016,686592715362942976,233579371,NOTICIAS: Egito: Parlamento volta funcionar para ratificar 300 decretos presidenciais https://t.co/bsBcBQVx6S https://t.co/UFk8qSsTm2
Mon Jan 11 16:56:23 +0000 2016,686592500589551616,2704627688,"1¬∫ Tempo de Antena de Edgar Silva, exibido no dia 10 de Janeiro. #edgarsilva #presidenciais2016 https://t.co/179dvtH8GM"
Mon Jan 11 16:54:57 +0000 2016,686592143750762496,26598129,Concordo (quase a 100%) Rui Louren√ßo https://t.co/SGv79c4z2K
Mon Jan 11 16:52:22 +0000 2016,686591491632939008,125795232,"Sem lemas de campanha nas presidenciais, n√£o h√° telejornais. #LemasDeCampanha"
Mon Jan 11 16:49:55 +0000 2016,686590875292532740,83553831,Presidenciais: Equipas no terreno para verificar gastos na campanha https://t.co/f9BLoyWH6j
Mon Jan 11 16:47:21 +0000 2016,686590227092258817,3004064523,Maria de Bel√©m em defesa do SNS https://t.co/GRsmjdkJQk https://t.co/Atgf30fUjV
Mon Jan 11 16:46:13 +0000 2016,686589943200780290,2816638404,RT @mmatias_: A entrevista ao Observador https://t.co/ZzfWcr6eJZ #presidenciais2016 #marisa2016 #votomarisa
Mon Jan 11 16:45:58 +0000 2016,686589880126824449,54891353,"No √¢mbito das Presidenciais 2016, o movimento associativo estudantil e o Conselho Nacional de Juventude lan√ßam... https://t.co/2QAZLyxAzP"
Mon Jan 11 16:44:28 +0000 2016,686589501439881216,948552829,A entrevista ao Observador https://t.co/ZzfWcr6eJZ #presidenciais2016 #marisa2016 #votomarisa
Mon Jan 11 16:44:03 +0000 2016,686589400055058434,1000140799,Presidenciais: Equipas no terreno para verificar gastos na campanha https://t.co/LD7GhwKaw1
Mon Jan 11 16:43:31 +0000 2016,686589264977637376,64896516,"Para o pa√≠s mudar, levanta o rabo do sof√° e vai votar #LemasDeCampanha #presidenciais2016"
Mon Jan 11 16:42:42 +0000 2016,686589059708354561,4310493869,RT @PatentChirp: Lesmas de campanha presidenciais 2016
Mon Jan 11 16:42:41 +0000 2016,686589054545211392,1327358419,RT @sapo: Queres fazer uma escolha pelos teus ideais? Vota nas presidenciais #lemasdecampanha #sapoavotos
Mon Jan 11 16:42:24 +0000 2016,686588981774053376,458878625,"Apelo de Ant√≥nio Costa ""n√£o enfraquece candidaturas"", diz Bel√©m  https://t.co/m2yjdqnWLE"
Mon Jan 11 16:42:13 +0000 2016,686588937012396032,82315259,"RT @PCMagalhaes: Sondagens presidenciais, actualiza√ß√£o: https://t.co/wuM4SUMZW1"
Mon Jan 11 16:41:48 +0000 2016,686588831274012672,1629375157,@vivasju essas suits s√£o presidenciais? üòÇüòÇüòÇüòÇ
Mon Jan 11 16:41:37 +0000 2016,686588784960499712,100779526,#not√≠cia Egito: Parlamento volta funcionar para ratificar 300 decretos presidenciais: ... https://t.co/iJj6rmBWmL +https://t.co/O98J5hDotR
Mon Jan 11 16:40:07 +0000 2016,686588409545113600,34304970,Lesmas de campanha presidenciais 2016
Mon Jan 11 16:40:06 +0000 2016,686588405476532224,14842285,Queres fazer uma escolha pelos teus ideais? Vota nas presidenciais #lemasdecampanha #sapoavotos
Mon Jan 11 16:39:44 +0000 2016,686588311662637056,282465817,Presidenciais: Sampaio da N√≥voa vai estar amanh√£ em √âvora https://t.co/XT8UUIsS2g
Mon Jan 11 16:35:37 +0000 2016,686587276315488257,17306424,H√° candidatos presidenciais a quem os √≥culos tiram o ar intelectual
Mon Jan 11 16:31:14 +0000 2016,686586171430952961,419799675,RT @Niltoncomedy: Devia haver um pr√©mio para o portugu√™s que soubesse o nome de todos os candidatos √†s presidenciais.
Mon Jan 11 16:30:32 +0000 2016,686585997245726720,2389081401,@gothfuk presidenciais enfim
Mon Jan 11 16:29:45 +0000 2016,686585799777849344,52568644,"#presidenciais2016 #paulomorais2016  Se n√£o tens ido votar, tens agora uma oportunidade. Vota Paulo Morais! https://t.co/IfzscUXVwD"
Mon Jan 11 16:28:38 +0000 2016,686585517941473285,1000140799,"Presidenciais: Com o PSD √† chuva na Guarda, Marcelo diz que vem ""da esquerda da direita"" https://t.co/7J7a1lSDib"
Mon Jan 11 16:22:46 +0000 2016,686584040485330944,23585685,Presidenciais: Equipas no terreno para verificar gastos na campanha https://t.co/5RqOcjv5Aq #Economico https://t.co/EtSlS2sukC
Mon Jan 11 16:16:15 +0000 2016,686582401523421184,94081671,Presidenciais: Maria de Bel√©m defende atua√ß√£o presidencial pela positiva
Mon Jan 11 16:11:07 +0000 2016,686581110428569601,634024501,"Se nas Presidenciais o Twitter tem sido um gringo, vota no domingo #CNE"
Mon Jan 11 16:08:13 +0000 2016,686580381232017408,19535591,"Se pescas com verdem√£s, vota Tino de Rans. #presidenciais #denada"
Mon Jan 11 16:03:10 +0000 2016,686579110735417344,94081671,"Presidenciais: Com o PSD √† chuva na Guarda, Marcelo diz que vem ""da esquerda da direita"""
Mon Jan 11 16:00:25 +0000 2016,686578416917741569,256124405,Henrique Neto diz que o PR deve dar garantias de transpar√™ncia https://t.co/GcTNKUbQqe https://t.co/eJZnZDjDz3
Mon Jan 11 16:00:25 +0000 2016,686578416079007745,256124405,"Garantir a estabilidade e o fim da crispa√ß√£o s√£o tarefas do PR, defende Maria de Bel√©m https://t.co/m1RrnaE9jJ https://t.co/1cQHsJY3Rh"
Mon Jan 11 15:51:11 +0000 2016,686576093990617088,20794579,"Estamos numa candidatura presidencial q em vez discutir o futuro, vamos ao passado para saber onde estavam os candidatos #presidenciais2016"
Mon Jan 11 15:50:56 +0000 2016,686576029998133249,2805272188,"RT @pmrgouveia: Dia 24, Vota #Jonasüî´ #presidenciais2016"
Mon Jan 11 15:48:38 +0000 2016,686575452983554048,117496846,Algo vai mal no pa√≠s quando o @tinoderans2016  n√£o √© o candidato mais absurdo a PR.Obrigado @jorgesequeirapr #presidenciais2016
Mon Jan 11 15:48:14 +0000 2016,686575353494515712,1000140799,"Presidenciais: Candidata lan√ßa lema de campanha ""votem bem, votem Maria de Bel√©m"" https://t.co/oU6Kjdzivg"
Mon Jan 11 15:48:14 +0000 2016,686575352135561217,1000140799,Presidenciais: C√¢ndido Ferreira pede mais meios para PGR lutar contra corrup√ß√£o https://t.co/izlJVtwOTn
Mon Jan 11 15:47:07 +0000 2016,686575071914258432,3004064523,"Vitorino Silva anuncia um ""tinosunami"" https://t.co/Rs0GwPpTso https://t.co/lf1veoIc8b"
Mon Jan 11 15:43:43 +0000 2016,686574217316446212,94081671,Presidenciais: Equipas do ISCTE no terreno para verificar gastos na campanha
Mon Jan 11 15:38:53 +0000 2016,686572997021405184,840319963,@pedroprola √© que isto era o melhor catch das presidenciais! engano meu!
Mon Jan 11 15:38:13 +0000 2016,686572830088105984,282465817,Presidenciais: Maria de Bel√©m hoje em campanha em √âvora https://t.co/4CrdUhbzNg
Mon Jan 11 15:37:26 +0000 2016,686572632507084800,30177578,Gente! Me acordaram me dando serm√£o porque eu n√£o votei nas elei√ß√µes presidenciais e paguei a multa qqq
Mon Jan 11 15:30:35 +0000 2016,686570910724272128,447397227,Henrique Neto diz que o PR deve dar garantias de transpar√™ncia https://t.co/6BDSiLR0Sp
Mon Jan 11 15:26:35 +0000 2016,686569903336361984,26266891,"@diraquel infelizmente nem o @snap2016PR foi logo no in√≠cio, aqui https://t.co/QEKAOudliu"
Mon Jan 11 15:18:32 +0000 2016,686567875834966017,3034750677,N√ÉO PAGARAM AS CONTAS ? ----- Presidenciais: Candidatos off line https://t.co/MkSLNWJuXQ via @visao
Mon Jan 11 15:18:14 +0000 2016,686567801386090496,124139163,"Presidenciais: Maria de Bel√©m aponta ""descrispa√ß√£o"" como uma das tarefas do PR  https://t.co/MauxEyxXv6"
Mon Jan 11 15:16:03 +0000 2016,686567252720791552,35748419,"Por gentileza, partilhem! Presidenciais Portugal. https://t.co/mWoP4DeJy2"
Mon Jan 11 15:15:07 +0000 2016,686567016799559680,2790802182,ELEI√á√ïES PRESIDENCIAIS DE 2016 ‚Äì CANDIDATURA DE EDGAR SILVA mais fotografias em https://t.co/aiTWjsOlAg https://t.co/XO5bgbTsdn
Mon Jan 11 15:11:05 +0000 2016,686566000775573504,94081671,"Presidenciais: Candidata lan√ßa lema de campanha ""votem bem, votem Maria de Bel√©m"""
Mon Jan 11 15:09:04 +0000 2016,686565496720875520,20781852,"Presidenciais: Candidata lan√ßa lema de campanha &amp;#34;votem bem, votem Maria de Bel√©m&amp;#34; https://t.co/8dahkAgOhi"
Mon Jan 11 15:09:01 +0000 2016,686565480996454400,167399649,RT @PORDATA: Presidenciais: vencedores e votos (em %) desde a d√©cada de 70. Est√° na Pordata: https://t.co/cXEOMEqq8i https://t.co/ub9Cr2E5vn
Mon Jan 11 15:06:06 +0000 2016,686564749170077696,3251893659,"RT @pmrgouveia: Dia 24, Vota #Jonasüî´ #presidenciais2016"
Mon Jan 11 15:05:02 +0000 2016,686564481917403136,3006309166,"RT @pmrgouveia: Dia 24, Vota #Jonasüî´ #presidenciais2016"
Mon Jan 11 15:03:38 +0000 2016,686564126131355648,81131244,"Presidenciais: Sampaio da N√≥voa em Castelo Branco esta ter√ßa-feira, com visita √† Centauro"
Mon Jan 11 15:01:46 +0000 2016,686563659108200448,4203391948,Maria de Bel√©m em defesa do SNS https://t.co/cFmvEPDq7D @TSFRadio #belem2016 https://t.co/0K3K63PpvN
Mon Jan 11 15:01:06 +0000 2016,686563488613937152,70429646,Uma perspectiva:  Presidenciais: Candidatos off line https://t.co/viMCqvpdpg
Mon Jan 11 14:58:42 +0000 2016,686562887112998912,31140929,COR√ÅLIA ALMEIDA LOUREIRO MANDAT√ÅRIA DO CONCELHO DO SEIXAL NAS PRESIDENCIAIS DE 2016 https://t.co/qR6QWfyqPj via @setubaltv
Mon Jan 11 14:58:27 +0000 2016,686562824559132672,4374631467,"RT @pmrgouveia: Dia 24, Vota #Jonasüî´ #presidenciais2016"
Mon Jan 11 14:58:23 +0000 2016,686562805072457729,2618853192,"RT @pmrgouveia: Dia 24, Vota #Jonasüî´ #presidenciais2016"
Mon Jan 11 14:55:54 +0000 2016,686562180771217408,94081671,Presidenciais: Maria de Bel√©m quer ajudar a resolver desigualdades territoriais
Mon Jan 11 14:53:41 +0000 2016,686561624111616000,94081671,Presidenciais: C√¢ndido Ferreira pede mais meios para PGR lutar contra corrup√ß√£o
Mon Jan 11 14:50:49 +0000 2016,686560900929720320,276001941,I liked a @YouTube video https://t.co/sMsPQg4V1C Paulo de Morais - Presidenciais 2016 tempo de antena 1
Mon Jan 11 14:50:14 +0000 2016,686560755957809153,15291030,"#MariadeBel√©m e #MarisaMatias tamb√©m n√£o foram √† tropa, o que tem a dizer sobre isto a candidatura de #Sampaiodan√≥voa? :D #presidenciais2016"
Mon Jan 11 14:48:28 +0000 2016,686560310308671488,216266382,Sa√∫de: Discord√¢ncias antigas confirmadas com sorrisos - TSF Online https://t.co/8dPfMO3myA
Mon Jan 11 14:48:28 +0000 2016,686560309142622208,216266382,"""Direito √† sa√∫de √© um direito fundamental"", diz Maria de Bel√©m - RTP https://t.co/NjIzEgZP0E"
Mon Jan 11 14:47:56 +0000 2016,686560175055056896,29222382,PRESIDENCIAIS: MARISA MATIAS APLAUDE GOVERNO  Marisa Matias aplaudiu a decis√£o do governo de anular a... https://t.co/valq1lJKCZ
Mon Jan 11 14:45:39 +0000 2016,686559600318001152,3097620646,Um artigo a ler: Presidenciais. De onde vem o dinheiro para as campanhas - Observador https://t.co/caGgg023SF
Mon Jan 11 14:43:29 +0000 2016,686559054987145216,3102292899,"""Henrique Neto √© um homem que nos faz falta e vai fazer a diferen√ßa!"" #henriqueneto #presidenciais2016 #coimbra https://t.co/wbkTrGGElH"
Mon Jan 11 14:43:03 +0000 2016,686558949672390656,20781852,Presidenciais: Maria de Bel√©m quer ajudar a resolver desiguldades territoriais https://t.co/zl33GsLsba
Mon Jan 11 14:42:51 +0000 2016,686558898296360961,94081671,Presidenciais: Maria de Bel√©m quer ajudar a resolver desiguldades territoriais
Mon Jan 11 14:37:47 +0000 2016,686557622905008128,29222382,PRESIDENCIAIS: HENRIQUE NETO VISITA O NORTE  O candidato presidencial Henrique Neto esteve a norte. A a√ß√£o de... https://t.co/GvPfLBc0dD
Mon Jan 11 14:34:07 +0000 2016,686556701168906240,94081671,Presidenciais: Se n√£o houvesse o 25 de Abril faria o servi√ßo militar obrigat√≥rio ‚Äì Marcelo
Mon Jan 11 14:33:14 +0000 2016,686556475599286272,81131244,Presidenciais: Marcelo Rebelo de Sousa hoje em campanha no distrito... https://t.co/GXhrr4RGjw
Mon Jan 11 14:32:40 +0000 2016,686556334905507840,208610451,globo de ouro para o desastre das presidenciais: edgar silva.
Mon Jan 11 14:32:14 +0000 2016,686556224901517312,20781852,Presidenciais: Se n√£o houvesse o 25 de Abril faria o servi√ßo militar obrigat√≥rio -- Marcelo https://t.co/GaTZ5yoElV
Mon Jan 11 14:28:12 +0000 2016,686555211045953536,256124405,Presidenciais: Candidatos off line https://t.co/p0txNTJrLf https://t.co/aL34mmeOOJ
Mon Jan 11 14:25:51 +0000 2016,686554618034302977,3435817769,RT @Niltoncomedy: Devia haver um pr√©mio para o portugu√™s que soubesse o nome de todos os candidatos √†s presidenciais.
Mon Jan 11 14:25:35 +0000 2016,686554553248948224,1000140799,Presidenciais: Henrique Neto quer venda do Banif explicada com detalhe https://t.co/RxU9EIrQ2j
Mon Jan 11 14:24:46 +0000 2016,686554347996626944,14746456,"RT @STR_por_SNAP: Sampaio da N√≥voa: ""Querem despachar as elei√ß√µes o mais depressa poss√≠vel"" - Pol√≠tica - TSF R√°dio... https://t.co/jNoyYPZQ‚Ä¶"
Mon Jan 11 14:22:43 +0000 2016,686553829769375744,15291030,A s√©rio que a candidatura do N√≥voa falou disso? Talvez seja melhor o presidente ser um General...#presidenciais2016  https://t.co/6c6nH5NpMz
Mon Jan 11 14:20:05 +0000 2016,686553167056769025,1183584528,Marcelo promete colaborar com todos os poderes se for eleito https://t.co/NAuLk4Q4b1
Mon Jan 11 14:18:59 +0000 2016,686552893055438848,4516093829,"Sampaio da N√≥voa: ""Querem despachar as elei√ß√µes o mais depressa poss√≠vel"" - Pol√≠tica - TSF R√°dio... https://t.co/jNoyYPZQxU"
Mon Jan 11 14:16:29 +0000 2016,686552260801904640,4516093829,"Presidenciais 2016 - Sampaio da N√≥voa? ""Claro que sei quem √©. √â neste que eu vou deitar"" -... https://t.co/ZXU7bipZXu"
Mon Jan 11 14:09:38 +0000 2016,686550536716480512,48312221,RT @Niltoncomedy: Devia haver um pr√©mio para o portugu√™s que soubesse o nome de todos os candidatos √†s presidenciais.
Mon Jan 11 14:08:49 +0000 2016,686550333582143488,108027547,RT @highkae: eu olho para os candidatos presidenciais e nem sei se √© p rir ou p chorar tbh
Mon Jan 11 14:08:23 +0000 2016,686550222068137986,2450700654,eu olho para os candidatos presidenciais e nem sei se √© p rir ou p chorar tbh
Mon Jan 11 14:07:49 +0000 2016,686550081923891200,1057579315,"RT @Alamarregis: 11/01/2016 ‚Äì AS DESINFORMA√á√ïES PRESIDENCIAIS SOBRE INFLA√á√ÉO  -- Se a presidente Dilma n√£o est√° ficando pirada, eu... https‚Ä¶"
Mon Jan 11 14:05:51 +0000 2016,686549587579015168,94081671,Presidenciais: Henrique Neto quer venda do Banif explicada com detalhe
Mon Jan 11 13:59:22 +0000 2016,686547955520770048,94081671,"Presidenciais: Edgar Silva apela a que todos votem ""nem que chovam canivetes"""
Mon Jan 11 13:57:42 +0000 2016,686547533838061569,51566870,Sondagens presidenciais https://t.co/nhPqaljm6B e assim acontece
Mon Jan 11 13:53:13 +0000 2016,686546407919108096,291792721,RT @PORDATA: Presidenciais: vencedores e votos (em %) desde a d√©cada de 70. Est√° na Pordata: https://t.co/cXEOMEqq8i https://t.co/ub9Cr2E5vn
Mon Jan 11 13:52:18 +0000 2016,686546175575617537,3089305179,Est√° por ai algum do PSD c'um cargo #presidenciais2016 https://t.co/6IialNJQS1
Mon Jan 11 13:51:52 +0000 2016,686546067115106304,4714084221,RT @Niltoncomedy: Devia haver um pr√©mio para o portugu√™s que soubesse o nome de todos os candidatos √†s presidenciais.
Mon Jan 11 13:51:06 +0000 2016,686545874726612992,1713166472,"RT @pmrgouveia: Dia 24, Vota #Jonasüî´ #presidenciais2016"
Mon Jan 11 13:51:01 +0000 2016,686545854879154176,2249236136,"@eduguim @MarietaPeixoto1 mesmo tendo perdido as elei√ß√µes presidenciais, s√£o clientes dessas empresas nos estados e munic√≠pios que governam."
Mon Jan 11 13:50:22 +0000 2016,686545690848313350,34010016,"Bom pelo menos a tese d q seria bom q + pessoas e + independentes s candidatassem a elei√ß√µes, foi √† vida #presidenciais2016 @campdemagalhaes"
Mon Jan 11 13:48:00 +0000 2016,686545093994622976,3089305179,V√™em como eu sou austero #presidenciais2016 https://t.co/8BxIyzTVR3
Mon Jan 11 13:45:40 +0000 2016,686544508528553985,150294372,metade das pessoas j√° t√™m um candidato predileto para as presidenciais e n√£o se d√£o ao trabalho de ver as ideias dos outros candidatos enfim
Mon Jan 11 13:45:37 +0000 2016,686544494087507968,2587978806,"RT @pmrgouveia: Dia 24, Vota #Jonasüî´ #presidenciais2016"
Mon Jan 11 13:45:20 +0000 2016,686544425045078016,14259322,RT @PORDATA: Presidenciais: vencedores e votos (em %) desde a d√©cada de 70. Est√° na Pordata: https://t.co/cXEOMEqq8i https://t.co/ub9Cr2E5vn
Mon Jan 11 13:44:11 +0000 2016,686544131938598912,1901822094,para o dia da reflex√£o #presidenciais2016 https://t.co/LNHe50c5ny
Mon Jan 11 13:43:56 +0000 2016,686544068692840448,2313912303,"RT @pmrgouveia: Dia 24, Vota #Jonasüî´ #presidenciais2016"
Mon Jan 11 13:43:05 +0000 2016,686543855848669186,712373784,RT @PORDATA: Presidenciais: vencedores e votos (em %) desde a d√©cada de 70. Est√° na Pordata: https://t.co/cXEOMEqq8i https://t.co/ub9Cr2E5vn
Mon Jan 11 13:42:34 +0000 2016,686543725930115076,2539906562,RT @PORDATA: Presidenciais: vencedores e votos (em %) desde a d√©cada de 70. Est√° na Pordata: https://t.co/cXEOMEqq8i https://t.co/ub9Cr2E5vn
Mon Jan 11 13:42:00 +0000 2016,686543585764835328,14183379,RT @PORDATA: Presidenciais: vencedores e votos (em %) desde a d√©cada de 70. Est√° na Pordata: https://t.co/cXEOMEqq8i https://t.co/ub9Cr2E5vn
Mon Jan 11 13:41:34 +0000 2016,686543475085570048,70650509,RT @Lusa_noticias: Presidenciais: Crian√ßas e idosos entram na campanha oficial de N√≥voa
Mon Jan 11 13:39:53 +0000 2016,686543053251809280,87460291,Presidenciais: vencedores e votos (em %) desde a d√©cada de 70. Est√° na Pordata: https://t.co/cXEOMEqq8i https://t.co/ub9Cr2E5vn
Mon Jan 11 13:33:13 +0000 2016,686541373638602753,2151254705,"RT @pmrgouveia: Dia 24, Vota #Jonasüî´ #presidenciais2016"
Mon Jan 11 13:32:48 +0000 2016,686541269733130241,712373784,"RT @PCMagalhaes: Sondagens presidenciais, actualiza√ß√£o: https://t.co/wuM4SUMZW1"
Mon Jan 11 13:32:47 +0000 2016,686541264725094400,2908326155,"RT @pmrgouveia: Dia 24, Vota #Jonasüî´ #presidenciais2016"
Mon Jan 11 13:32:34 +0000 2016,686541209221881856,796312848,"RT @pmrgouveia: Dia 24, Vota #Jonasüî´ #presidenciais2016"
Mon Jan 11 13:32:28 +0000 2016,686541185754787841,45271744,"11/01/2016 ‚Äì AS DESINFORMA√á√ïES PRESIDENCIAIS SOBRE INFLA√á√ÉO  -- Se a presidente Dilma n√£o est√° ficando pirada, eu... https://t.co/dDaIwCNjZm"
Mon Jan 11 13:32:23 +0000 2016,686541162849693697,833137830,RT @imprensafalsa: Maria de Bel√©m diz que sempre teve muitos pretendentes mas quando chegava a hora de votar nela piravam-se #presidenciais‚Ä¶
Mon Jan 11 13:31:53 +0000 2016,686541038392074240,833137830,RT @imprensafalsa: Nome de Marcelo aparece 8 vezes no boletim para o eleitor escolher entre os v√°rios Marcelos #presidenciais2016
Mon Jan 11 13:29:53 +0000 2016,686540536384237568,3005397767,"RT @pmrgouveia: Dia 24, Vota #Jonasüî´ #presidenciais2016"
Mon Jan 11 13:29:04 +0000 2016,686540331345653760,94081671,Presidenciais: Crian√ßas e idosos entram na campanha oficial de N√≥voa
Mon Jan 11 13:27:12 +0000 2016,686539859213856768,2603635146,"RT @antena1politica: ""Lisboa √© uma lavandaria de dinheiro de Angola e Brasil"", diz Paulo Morais https://t.co/utFixH33t5"
Mon Jan 11 13:25:34 +0000 2016,686539447148613634,2732114652,"RT @pmrgouveia: Dia 24, Vota #Jonasüî´ #presidenciais2016"
Mon Jan 11 13:24:47 +0000 2016,686539250662248448,598572214,"RT @pmrgouveia: Dia 24, Vota #Jonasüî´ #presidenciais2016"
Mon Jan 11 13:24:03 +0000 2016,686539067694166016,31501946,"RT @pmrgouveia: Dia 24, Vota #Jonasüî´ #presidenciais2016"
Mon Jan 11 13:23:58 +0000 2016,686539047846723584,4046617221,"RT @pmrgouveia: Dia 24, Vota #Jonasüî´ #presidenciais2016"
Mon Jan 11 13:23:51 +0000 2016,686539017433837568,556095620,"RT @pmrgouveia: Dia 24, Vota #Jonasüî´ #presidenciais2016"
Mon Jan 11 13:23:44 +0000 2016,686538985854910464,864503136,"RT @pmrgouveia: Dia 24, Vota #Jonasüî´ #presidenciais2016"
Mon Jan 11 13:23:43 +0000 2016,686538983824830467,20229964,"RT @pmrgouveia: Dia 24, Vota #Jonasüî´ #presidenciais2016"
Mon Jan 11 13:23:38 +0000 2016,686538964107407360,1421938598,"RT @pmrgouveia: Dia 24, Vota #Jonasüî´ #presidenciais2016"
Mon Jan 11 13:23:25 +0000 2016,686538905512996865,1581687361,"RT @pmrgouveia: Dia 24, Vota #Jonasüî´ #presidenciais2016"
Mon Jan 11 13:23:17 +0000 2016,686538872352669696,2869054079,"RT @pmrgouveia: Dia 24, Vota #Jonasüî´ #presidenciais2016"
Mon Jan 11 13:23:08 +0000 2016,686538836575424512,947674092,"RT @pmrgouveia: Dia 24, Vota #Jonasüî´ #presidenciais2016"
Mon Jan 11 13:23:00 +0000 2016,686538803142619136,2656993723,"RT @pmrgouveia: Dia 24, Vota #Jonasüî´ #presidenciais2016"
Mon Jan 11 13:22:32 +0000 2016,686538685165219840,364803552,"RT @pmrgouveia: Dia 24, Vota #Jonasüî´ #presidenciais2016"
Mon Jan 11 13:22:14 +0000 2016,686538609835511809,24000550,"RT @pmrgouveia: Dia 24, Vota #Jonasüî´ #presidenciais2016"
Mon Jan 11 13:21:45 +0000 2016,686538486237786114,317365256,"RT @pmrgouveia: Dia 24, Vota #Jonasüî´ #presidenciais2016"
Mon Jan 11 13:21:39 +0000 2016,686538461826936832,524238345,"Dia 24, Vota #Jonasüî´ #presidenciais2016"
Mon Jan 11 13:19:52 +0000 2016,686538014168846337,795825997,RT @AantonioAraujo3: O circo das¬†presidenciais https://t.co/ZBLdzq9SIX https://t.co/thjpb1KmEV
Mon Jan 11 13:01:24 +0000 2016,686533365743366145,1671264649,"https://t.co/MugWejXT0R  Angola:""""Lisboa √© uma lavandaria de dinheiro de Angola e Brasil"" https://t.co/q95mAf2c2n"
Mon Jan 11 13:00:58 +0000 2016,686533258222395392,52568644,Paulo de Morais defende diplomacia ao servi√ßo da di√°spora https://t.co/MH66rPXXa2 #presidenciais2016 #paulomorais2016
Mon Jan 11 12:59:33 +0000 2016,686532902440579072,2581256048,"E sobre o espa√ßo medi√°tico do Jovem Conservador de Direita, ningu√©m fala?  https://t.co/6XrqqWbrta"
Mon Jan 11 12:59:20 +0000 2016,686532846828142592,39723601,"Senhores do Fraque¬Æ Presidenciais: Maria de Bel√©m aponta ""descrispa√ß√£o"" como uma das tarefas do PR:  https://t.co/mI9KtpqKwS"
Mon Jan 11 12:59:20 +0000 2016,686532845947322372,485975606,"[Correio da Manh√£] Presidenciais: Maria de Bel√©m aponta ""descrispa√ß√£o"" como uma das tarefas do PR https://t.co/vDtu10HWhw"
Mon Jan 11 12:57:52 +0000 2016,686532479155593216,15951863,"RT @PCMagalhaes: Sondagens presidenciais, actualiza√ß√£o: https://t.co/wuM4SUMZW1"
Mon Jan 11 12:57:28 +0000 2016,686532378114830336,4334632408,Presidenciais: tudo o que precisa de saber  http://https://t.co/cZykXJQOPq https://t.co/cZykXJQOPq
Mon Jan 11 12:56:38 +0000 2016,686532166675787776,16569045,"Sondagens presidenciais, actualiza√ß√£o: https://t.co/wuM4SUMZW1"
Mon Jan 11 12:54:36 +0000 2016,686531656920875010,1000140799,Presidenciais: Maria de Bel√©m aponta ?descrispa√ß√£o? como uma das tarefas do PR https://t.co/BPGhcWLhee
Mon Jan 11 12:51:41 +0000 2016,686530919604326404,3089305179,N√£o est√° a resultar muito na campanha #presidenciais2016 https://t.co/UW83kPei2L
Mon Jan 11 12:47:44 +0000 2016,686529927198412801,94081671,Presidenciais: Maria de Bel√©m aponta ‚Äúdescrispa√ß√£o‚Äù como uma das tarefas do PR https://t.co/GmCN4XtoaK
Mon Jan 11 12:46:48 +0000 2016,686529691818311681,4334632408,A 11 de Janeiro cumpro uma das resolu√ß√µes da passagem de ano: ter uma coluna de forma√ß√£o de mentes de direita num... https://t.co/bR210X2HXM
Mon Jan 11 12:46:30 +0000 2016,686529617558159364,52568644,"Paulo Morais estar√° hoje na Figueira da Foz , participa, n√£o faltes. Vamos! #presidenciais2016 #paulomorais2016 https://t.co/9eUWqim3gT"
Mon Jan 11 12:44:02 +0000 2016,686528998021660672,2708829955,Quando n√£o h√° Not√≠cias de #Marcelo... dizem-se coisas... #Presidenciais2016 ou #SillySeason?  https://t.co/TEttIRDxIK
Mon Jan 11 12:41:05 +0000 2016,686528254791053312,94081671,Presidenciais: Maria de Bel√©m aponta ‚Äúdescrispa√ß√£o‚Äù como uma das tarefas do PR
Mon Jan 11 12:41:00 +0000 2016,686528234620608512,20781852,Presidenciais: Maria de Bel√©m aponta &amp;#34;descrispa√ß√£o&amp;#34; como uma das tarefas do PR https://t.co/xNJNklvMnn
Mon Jan 11 12:38:46 +0000 2016,686527672445480960,15951863,"Estranho, n√£o h√° sondagens para as presidenciais?"
Mon Jan 11 12:33:37 +0000 2016,686526373834436608,2223068017,"@feelmykagune eu n me importo d te explicar, mas p/ as presidenciais n h√° grande coisa q precises d saber. Votas numa pessoa n√£o num partido"
Mon Jan 11 12:32:31 +0000 2016,686526099157872640,45197671,Marcelo apanhado a mentir outra vez. https://t.co/mBwz5ElaCJ
Mon Jan 11 12:32:19 +0000 2016,686526047072944128,2448218202,RT @Niltoncomedy: Devia haver um pr√©mio para o portugu√™s que soubesse o nome de todos os candidatos √†s presidenciais.
Mon Jan 11 12:25:23 +0000 2016,686524303655985152,2461823210,"O @Publico a enviesar o voto: ""Os 3 candidatos (...), os √∫nicos q poder√£o disputar uma 2a volta"" https://t.co/Rlda7DHSRv #presidenciais2016"
Mon Jan 11 12:23:48 +0000 2016,686523905314521088,2824097200,RT @PinheiroMiguel1: Os tesourinhos (muito) deprimentes das presidenciais https://t.co/BWL1JvLOA5
Mon Jan 11 12:22:35 +0000 2016,686523596877905920,1000140799,Presidenciais: N√≥voa diz que segunda volta ser√° tempo de converg√™ncia em torno de si https://t.co/4nQs8SbjMR
Mon Jan 11 12:19:06 +0000 2016,686522722785095684,2827118667,RT @Lusa_noticias: Presidenciais: N√≥voa diz que segunda volta ser√° tempo de converg√™ncia em torno de si https://t.co/zVbKurGAsX
Mon Jan 11 12:17:12 +0000 2016,686522245703942144,94081671,"Presidenciais: Livro de visitas do Museu do C√¥a deu ""sinal de esperan√ßa"" a Marcelo"
Mon Jan 11 12:16:30 +0000 2016,686522065822834688,3728671401,Os tesourinhos (muito) deprimentes das presidenciais https://t.co/BWL1JvLOA5
Mon Jan 11 12:16:27 +0000 2016,686522054011666432,2449844820,RT @Niltoncomedy: Devia haver um pr√©mio para o portugu√™s que soubesse o nome de todos os candidatos √†s presidenciais.
Mon Jan 11 12:16:15 +0000 2016,686522003495481344,2603635146,"RT @joaoannes: √â porreiro p√°.: Todas as presidenciais √© a mesma coisa, durante a campanha¬†algu√©m¬†se lembra e decide criticar ... https://t.‚Ä¶"
Mon Jan 11 12:11:52 +0000 2016,686520899529502720,3355587790,360¬∫ - A morte de David Bowie (+ o financiamento das presidenciais) - https://t.co/5ZVHBLkKn3
Mon Jan 11 12:05:07 +0000 2016,686519200660111360,1472081131,Presidenciais: Dois candidatos em Coimbra e um na Figueira da Foz https://t.co/zaTW8NzKWu
Mon Jan 11 12:04:08 +0000 2016,686518956933427200,4762601475,Em campanha (imagem DN) #Belem2016 #MariadeBelem #Presidenciais2016 #Presid√™ncia https://t.co/2aRw7dwBfJ
Mon Jan 11 12:03:23 +0000 2016,686518767959040000,15291030,√â de mim ou ninguem quer saber verdadeiramente dos debates ou dos tempos de antena das #presidenciais2016?
Mon Jan 11 12:02:07 +0000 2016,686518449376333825,214125777,"""Lisboa √© uma lavandaria de dinheiro de Angola e Brasil"", diz Paulo Morais https://t.co/utFixH33t5"
Mon Jan 11 12:02:06 +0000 2016,686518443848273924,214125777,Sampaio da N√≥voa n√£o quer elei√ß√µes transformadas em concurso https://t.co/1rXu47uvgP
Mon Jan 11 12:02:05 +0000 2016,686518438198525953,214125777,"""O pa√≠s est√° a deriva e precisa de algu√©m no leme"", diz Vitorino Silva https://t.co/mo5F9dv8qG"
Mon Jan 11 12:02:04 +0000 2016,686518434260099072,214125777,Paulo Morais est√° zangado e por isso quer ser Presidente https://t.co/wjhIElokn2
Mon Jan 11 12:01:53 +0000 2016,686518389217587200,9944742,RT @Niltoncomedy: Devia haver um pr√©mio para o portugu√™s que soubesse o nome de todos os candidatos √†s presidenciais.
Mon Jan 11 12:00:13 +0000 2016,686517970772824064,3903291150,RT @Niltoncomedy: Devia haver um pr√©mio para o portugu√™s que soubesse o nome de todos os candidatos √†s presidenciais.
Mon Jan 11 11:57:41 +0000 2016,686517334073294848,94081671,Presidenciais: N√≥voa diz que segunda volta ser√° tempo de converg√™ncia em torno de si https://t.co/zVbKurGAsX
Mon Jan 11 11:57:38 +0000 2016,686517320479461376,704093994,Alguns erros que as candidaturas presidenciais poderiam n√£o cometer P√∫blico.pt J√° aqui me referi a v√°rias‚Ä¶ https://t.co/ZXq0bOYvjU
Mon Jan 11 11:52:06 +0000 2016,686515927802875904,1511671098,RT @JorgeeVieiraa: Ainda n√£o sei em quem votar nas Presidenciais.
Mon Jan 11 11:48:57 +0000 2016,686515135112998912,4762601475,Jo√£o Soares recorda amizade entre Maria Barroso e Maria de Bel√©m #Belem2016 #MariadeBelem #Presidenciais2016 #Soares https://t.co/zvomdJ0FpD
Mon Jan 11 11:46:26 +0000 2016,686514501328482304,2708829955,"#Marcelo nas #Presidenciais2016 est√° a aprender a custo zero que na #Pol√≠tica n√£o basta parecer S√©rio, tamb√©m √© preciso s√™-lo!"
Mon Jan 11 11:44:21 +0000 2016,686513977229217792,3236553868,RT @Niltoncomedy: Devia haver um pr√©mio para o portugu√™s que soubesse o nome de todos os candidatos √†s presidenciais.
Mon Jan 11 11:44:10 +0000 2016,686513929300897792,127539064,"Paulo Morais: Lisboa √© uma lavandaria de dinheiro de #Angola e #Brasil"" https://t.co/pxNvGQKCna #presidenciais2016 https://t.co/4exhaK6jcV"
Mon Jan 11 11:41:42 +0000 2016,686513311601549312,4762601475,"Jo√£o Soares, Ministro da Cultura, apoia Maria de Bel√©m #Belem2016 #MariadeBelem #Presidenciais2016 #Soares https://t.co/otx4c2Myis"
Mon Jan 11 11:39:53 +0000 2016,686512850538463232,2828220963,RT @Niltoncomedy: Devia haver um pr√©mio para o portugu√™s que soubesse o nome de todos os candidatos √†s presidenciais.
Mon Jan 11 11:39:02 +0000 2016,686512637828575232,1630642188,"Davis Bowie j√° n√£o ir√° assistir a campanha para as presidenciais em Portugal,at√© mesmo a morte,tem algo de positivo!"
Mon Jan 11 11:35:47 +0000 2016,686511818806812673,94081671,Presidenciais: N√≥voa diz que segunda volta ser√° tempo de converg√™ncia em torno de si
Mon Jan 11 11:29:46 +0000 2016,686510305833291776,84558700,Presidenciais 2016:cidadania iguala sistema  https://t.co/tECWkAJkJL OPINI√ÉO #MaisActualBlog Ler + https://t.co/ZVLYoMOL86
Mon Jan 11 11:28:19 +0000 2016,686509943634182144,2516241494,RT @Niltoncomedy: Devia haver um pr√©mio para o portugu√™s que soubesse o nome de todos os candidatos √†s presidenciais.
Mon Jan 11 11:24:41 +0000 2016,686509027178725376,73992917,360¬∫ - A morte de David Bowie (+ o financiamento das presidenciais) - https://t.co/ws5TtevXiI
Mon Jan 11 11:20:17 +0000 2016,686507920410996736,1183584528,"""Lisboa √© uma lavandaria de dinheiro de Angola e Brasil"", diz Paulo Morais https://t.co/iY6ubKRIzq"
Mon Jan 11 11:19:09 +0000 2016,686507636817301504,942084822,"O eleitor vai correlacionar, √† falta de mais informa√ß√£o, os candidatos presidenciais √†s liga√ß√µes pol√≠ticas que t√™m, o que pode ser falso."
Mon Jan 11 11:18:24 +0000 2016,686507445368172544,485975606,[Observador] Fran√ßa. Manifesto pede ‚Äúprim√°rias √† esquerda‚Äù nas presidenciais https://t.co/fU1i7s0JLT
Mon Jan 11 11:18:04 +0000 2016,686507363520614400,925718281,Ainda n√£o sei em quem votar nas Presidenciais.
Mon Jan 11 11:14:47 +0000 2016,686506537049821184,1578098006,Quais s√£o os oligarcas que est√£o por detr√°s dos candidatos presidenciais nos eUA - em ingl https://t.co/tcz0a6Ojjh
Mon Jan 11 11:14:26 +0000 2016,686506448013123585,1690412382,Fran√ßa. Manifesto pede ‚Äúprim√°rias √† esquerda‚Äù nas presidenciais https://t.co/hOPAHcVj1h
Mon Jan 11 11:10:03 +0000 2016,686505345687154688,94081671,"Presidenciais: ""Olhos bonitos"" e ""cabelinho branco"" de N√≥voa encantam na feira de Espinho"
Mon Jan 11 11:09:51 +0000 2016,686505295296774144,2881408361,RT @Niltoncomedy: Devia haver um pr√©mio para o portugu√™s que soubesse o nome de todos os candidatos √†s presidenciais.
Mon Jan 11 11:06:16 +0000 2016,686504392372162560,3373988865,RT @Niltoncomedy: Devia haver um pr√©mio para o portugu√™s que soubesse o nome de todos os candidatos √†s presidenciais.
Mon Jan 11 11:00:07 +0000 2016,686502843516239872,634659951,A√ßoriano Oriental Presidenciais: Tr√™s candidatos em Coimbra e dois no Algarve no segundo dia de campanha Di√°rio‚Ä¶ https://t.co/ZPP2jxEcIo
Mon Jan 11 10:59:33 +0000 2016,686502702872956928,21407241,A campanha de Marcelo nas presidenciais at√© agora explicada numa imagem https://t.co/l7LsnsEvk8
Mon Jan 11 10:56:04 +0000 2016,686501823776161795,4653559701,"Contra quem quer fazer das elei√ß√µes um ""televoto"" e um ""concurso de popularidade"", o candidato presidencial quer... https://t.co/ukRG6WC7cp"
Mon Jan 11 10:54:38 +0000 2016,686501464898809857,28029492,"√â porreiro p√°.: Todas as presidenciais √© a mesma coisa, durante a campanha¬†algu√©m¬†se lembra e decide criticar ... https://t.co/vcsUG9OaRC"
Mon Jan 11 10:54:37 +0000 2016,686501461019131904,1354697893,"@kapagebe √â porreiro p√°.: Todas as presidenciais √© a mesma coisa, durante a campanha¬†algu√©m¬†se lembr... https://t.co/zMdCn2YMu8 @kapagebe"
Mon Jan 11 10:53:39 +0000 2016,686501218357788672,2269050494,RT @Niltoncomedy: Devia haver um pr√©mio para o portugu√™s que soubesse o nome de todos os candidatos √†s presidenciais.
Mon Jan 11 10:41:33 +0000 2016,686498173276270592,158398788,"//  ESTM √â UM EXEMPLO NACIONAL //  ""Paulo de Morais, candidato √†s elei√ß√µes presidenciais de 24 de janeiro, esteve... https://t.co/9tchnT1hSV"
Mon Jan 11 10:30:56 +0000 2016,686495500292501505,3154150582,RT @Niltoncomedy: Devia haver um pr√©mio para o portugu√™s que soubesse o nome de todos os candidatos √†s presidenciais.
Mon Jan 11 10:28:05 +0000 2016,686494784253521920,994757887,https://t.co/08zftIB2pK a cobrir fotograficamente a campanha eleitoral para as presidenciais de... https://t.co/C7p3hq1IlV
Mon Jan 11 10:27:45 +0000 2016,686494697959878656,3545633535,Presidenciais. De onde vem o dinheiro para as campanhas https://t.co/58YpkDwrjm
Mon Jan 11 10:27:35 +0000 2016,686494658202087424,1690412382,Em Manchete: Presidenciais. De onde vem o dinheiro para as campanhas https://t.co/csIPKW08mY
Mon Jan 11 10:23:05 +0000 2016,686493527304441856,447397227,Marcelo arranca campanha em Mirandela https://t.co/aH7pA7Mqmb
Mon Jan 11 10:22:28 +0000 2016,686493370215231488,291557868,"Deus, aceita estes 10 candidatos presidenciais e d√°-nos de volta o Bowie, nem que seja por um dia. Am√©m."
Mon Jan 11 10:17:35 +0000 2016,686492139002445824,2422617445,RT @Niltoncomedy: Devia haver um pr√©mio para o portugu√™s que soubesse o nome de todos os candidatos √†s presidenciais.
Mon Jan 11 10:15:36 +0000 2016,686491640052187136,2942524281,RT @Niltoncomedy: Devia haver um pr√©mio para o portugu√™s que soubesse o nome de todos os candidatos √†s presidenciais.
Mon Jan 11 10:15:27 +0000 2016,686491602894884864,3003161865,RT @Niltoncomedy: Devia haver um pr√©mio para o portugu√™s que soubesse o nome de todos os candidatos √†s presidenciais.
Mon Jan 11 10:14:41 +0000 2016,686491412553150464,19600252,"Esquece o que eu fiz, faz o que eu te digo ‚Äì ex-candidatos d√£o a t√°tica para as presidenciais: https://t.co/K7c4aF81qU via @observadorpt"
Mon Jan 11 10:14:20 +0000 2016,686491325231960064,19600252,Presidenciais. De onde vem o dinheiro para as campanhas: https://t.co/Fw42nmzBRg via @observadorpt
Mon Jan 11 10:06:36 +0000 2016,686489378374479872,219736294,RT @Niltoncomedy: Devia haver um pr√©mio para o portugu√™s que soubesse o nome de todos os candidatos √†s presidenciais.
Mon Jan 11 10:06:21 +0000 2016,686489313622790144,4025986833,RT @Niltoncomedy: Devia haver um pr√©mio para o portugu√™s que soubesse o nome de todos os candidatos √†s presidenciais.
Mon Jan 11 10:01:58 +0000 2016,686488209224765440,435768975,Catarina Martins acredita numa 2¬™ volta nas elei√ß√µes presidenciais https://t.co/tj2rYCnq3t
Mon Jan 11 10:01:34 +0000 2016,686488109106786304,23423440,Gosto de pol√≠tica. Afastei-me da vida pol√≠tica para continuar a gostar de pol√≠tica. https://t.co/182VDzkffg #presidenciais2016 #pol√≠tica
Mon Jan 11 10:00:16 +0000 2016,686487781720330240,1195177502,RT @Niltoncomedy: Devia haver um pr√©mio para o portugu√™s que soubesse o nome de todos os candidatos √†s presidenciais.
Mon Jan 11 09:58:18 +0000 2016,686487286465302528,8665852,Elei√ß√µes presidenciais: uma anedota. A opini√£o de Diogo Agostinho https://t.co/MxdE81GJzk https://t.co/xe5wxuMqQF
Mon Jan 11 09:58:17 +0000 2016,686487282321326081,3165338115,RT @Niltoncomedy: Devia haver um pr√©mio para o portugu√™s que soubesse o nome de todos os candidatos √†s presidenciais.
Mon Jan 11 09:56:44 +0000 2016,686486893769453568,2451612228,RT @Niltoncomedy: Devia haver um pr√©mio para o portugu√™s que soubesse o nome de todos os candidatos √†s presidenciais.
Mon Jan 11 09:52:48 +0000 2016,686485902131085312,1327685820,RT @Niltoncomedy: Devia haver um pr√©mio para o portugu√™s que soubesse o nome de todos os candidatos √†s presidenciais.
Mon Jan 11 09:52:35 +0000 2016,686485848003624964,116514914,RT @Niltoncomedy: Devia haver um pr√©mio para o portugu√™s que soubesse o nome de todos os candidatos √†s presidenciais.
Mon Jan 11 09:50:09 +0000 2016,686485236188844032,3089305179,"¬´D√°-me um beijinho, se n√£o n√£o voto em sim...¬ª #presidenciais2016 https://t.co/a7TAdQzvjv"
Mon Jan 11 09:49:55 +0000 2016,686485178181652480,1909158944,RT @Niltoncomedy: Devia haver um pr√©mio para o portugu√™s que soubesse o nome de todos os candidatos √†s presidenciais.
Mon Jan 11 09:41:57 +0000 2016,686483174289989632,1662890508,RT @Niltoncomedy: Devia haver um pr√©mio para o portugu√™s que soubesse o nome de todos os candidatos √†s presidenciais.
Mon Jan 11 09:41:17 +0000 2016,686483004366163968,3375539026,"Vamos prevenir, para n√£o ter de remediar! #PORTUGALSOMOSNOS #JORGESEQUEIRAPRESIDENTE #PRESIDENCIAIS2016 https://t.co/rgw76dT9pB"
Mon Jan 11 09:37:52 +0000 2016,686482144676413440,41400724,"De olho nas elei√ß√µes presidenciais em 2018, Geraldo Alckmin estreita rela√ß√µes com o MST. #DespertaTransam√©rica"
Mon Jan 11 09:37:39 +0000 2016,686482089684893696,3068831565,RT @Niltoncomedy: Devia haver um pr√©mio para o portugu√™s que soubesse o nome de todos os candidatos √†s presidenciais.
Mon Jan 11 09:36:31 +0000 2016,686481806451982337,577859272,RT @Niltoncomedy: Devia haver um pr√©mio para o portugu√™s que soubesse o nome de todos os candidatos √†s presidenciais.
Mon Jan 11 09:36:01 +0000 2016,686481679926607872,19394887,Devia haver um pr√©mio para o portugu√™s que soubesse o nome de todos os candidatos √†s presidenciais.
Mon Jan 11 09:29:55 +0000 2016,686480146585485312,51679632,¬´A pol√≠tica foi capturada pela corrup√ß√£o¬ª Paulo Morais A pol√≠tica foi capturada pela corrup√ß√£o. .. #Presidenciais  https://t.co/fVCijeWMKU
Mon Jan 11 09:24:10 +0000 2016,686478699357577217,1690412382,360¬∫ - A morte de David Bowie (+ o financiamento das presidenciais) - https://t.co/gCa8u76VFx
Mon Jan 11 09:21:03 +0000 2016,686477912522883072,3102292899,"Hoje, em #Coimbra e #Aveiro. Participe, Fa√ßa Acontecer! #henriqueneto #presidenciais2016 https://t.co/aBxVnwVr9w"
Mon Jan 11 08:57:47 +0000 2016,686472059019341824,121176422,"""O pa√≠s est√° a deriva e precisa de algu√©m no leme"", diz Vitorino Silva:   Candidato a Bel√©m fez duma traineira... https://t.co/z5IBXq14JW"
Mon Jan 11 08:57:46 +0000 2016,686472055785558016,121176422,Paulo Morais est√° zangado e por isso quer ser Presidente:   O candidado afirma que a maior luta ser√° a luta co... https://t.co/UBhecpVtNa
Mon Jan 11 08:19:49 +0000 2016,686462504034299904,22553840,"Presid√™nciais2016 - Marcelo, um independente escondido com o partido de fora - Portugal - DN https://t.co/D32auRMxDK"
Mon Jan 11 08:16:44 +0000 2016,686461729556017152,3355587790,"RT @oinsurgente: Resumo das suas op√ß√µes nas presidenciais: Se vota religiosamente no PCP, tem motivos redobrados para ir votar ... https://‚Ä¶"
